structure,operation,position,n,average_time_ns,metric_type,metric_count,theoretical_complexity
Dynamic Array,insert,beginning,100,1146208.40,movements,602000,Theta(m*n)
Dynamic Array,remove,beginning,100,1608533.20,movements,599500,Theta(m*n)
Dynamic Array,insert,middle,100,107850.20,movements,552000,Theta(m*n)
Dynamic Array,remove,middle,100,58225.00,movements,549500,Theta(m*n)
Linked List,insert,beginning,100,45825.00,accesses,0,Theta(m)
Linked List,remove,beginning,100,42649.80,accesses,1000,Theta(m)
Linked List,insert,middle,100,63100.20,accesses,50000,Theta(m*n)
Linked List,remove,middle,100,61375.00,accesses,51000,Theta(m*n)
Dynamic Array,insert,beginning,1000,235158.40,movements,1501500,Theta(m*n)
Dynamic Array,remove,beginning,1000,109491.60,movements,1499500,Theta(m*n)
Dynamic Array,insert,middle,1000,162050.00,movements,1001500,Theta(m*n)
Dynamic Array,remove,middle,1000,79100.00,movements,999500,Theta(m*n)
Linked List,insert,beginning,1000,22958.20,accesses,0,Theta(m)
Linked List,remove,beginning,1000,21225.00,accesses,1000,Theta(m)
Linked List,insert,middle,1000,755841.80,accesses,500000,Theta(m*n)
Linked List,remove,middle,1000,752017.00,accesses,501000,Theta(m*n)
Dynamic Array,insert,beginning,10000,1421808.40,movements,10510500,Theta(m*n)
Dynamic Array,remove,beginning,10000,644258.20,movements,10499500,Theta(m*n)
Dynamic Array,insert,middle,10000,724666.60,movements,5510500,Theta(m*n)
Dynamic Array,remove,middle,10000,327350.00,movements,5499500,Theta(m*n)
Linked List,insert,beginning,10000,21258.40,accesses,0,Theta(m)
Linked List,remove,beginning,10000,18600.00,accesses,1000,Theta(m)
Linked List,insert,middle,10000,8312508.40,accesses,5000000,Theta(m*n)
Linked List,remove,middle,10000,8384024.80,accesses,5001000,Theta(m*n)
Dynamic Array,insert,beginning,100000,13174666.60,movements,100600500,Theta(m*n)
Dynamic Array,remove,beginning,100000,8292050.20,movements,100499500,Theta(m*n)
Dynamic Array,insert,middle,100000,6647841.60,movements,50600500,Theta(m*n)
Dynamic Array,remove,middle,100000,4263833.20,movements,50499500,Theta(m*n)
Linked List,insert,beginning,100000,11891.60,accesses,0,Theta(m)
Linked List,remove,beginning,100000,4416.40,accesses,1000,Theta(m)
Linked List,insert,middle,100000,80858583.20,accesses,50000000,Theta(m*n)
Linked List,remove,middle,100000,80945867.00,accesses,50001000,Theta(m*n)
